ID de vídeo,Marca de tiempo de creación de la lista de reproducción de vídeos
8vQrVAgt_Cs,2016-06-22T04:10:11+00:00
RNcJmGQKiNk,2016-09-08T05:02:37+00:00
MluUPUp0aKU,2016-09-08T05:02:50+00:00
w1rybaZ3U5U,2016-09-08T05:04:14+00:00
GuvbvCZfB_0,2016-09-09T00:17:27+00:00
pLBNJVg_lOw,2016-09-13T18:42:47+00:00
Vibuzw6qFKU,2016-09-27T02:57:17+00:00
ZxShSCxXAu4,2016-11-21T02:18:09+00:00
yOFLw9ndKAg,2016-12-10T07:40:26+00:00
QMk0-pZfx5Q,2017-01-12T02:56:03+00:00
20WIpOSyTUY,2017-01-13T20:58:43+00:00
8MyJsamYM5A,2017-01-14T09:07:34+00:00
oj_wx4WNFhs,2017-01-16T05:22:01+00:00
PwvlqIkDRPM,2017-01-16T05:52:13+00:00
frUDoJDO_XE,2017-01-16T07:41:35+00:00
IjMPTZl0aE8,2017-01-16T07:41:44+00:00
31ueU2HAChY,2017-01-16T07:42:19+00:00
QsfJh8Cop5M,2017-01-16T07:42:35+00:00
cuRFFVhHOBo,2017-01-16T07:43:30+00:00
0jfNrHGEeJ4,2017-01-20T03:50:34+00:00
cN7jYoCX22w,2017-01-20T03:56:11+00:00
RBvrxIayzK0,2017-02-06T08:20:54+00:00
FC1Au3bBZ1U,2017-02-21T09:47:28+00:00
s6FVUyctg4g,2017-03-28T21:05:14+00:00
wKQNltuxPUk,2017-04-30T18:44:20+00:00
JS9ZJ--01aw,2017-04-30T18:44:24+00:00
xxY5XYm_BPk,2017-07-22T21:56:03+00:00
Z2HtLK7DQ3g,2017-09-05T20:37:30+00:00
00u6EP1LCuk,2017-09-17T19:47:41+00:00
SWOFOyo0jc0,2017-10-24T12:08:32+00:00
T1HQKB2txgY,2017-12-05T05:59:39+00:00
7RBfxdwIpfo,2017-12-18T07:12:38+00:00
QObmS3VFgFU,2017-09-19T08:19:17+00:00
Uu1GGLMRB8I,2018-12-28T08:08:00+00:00
ZBs9MiKSu48,2019-08-08T05:31:45+00:00
d3Uw10MYtDk,2019-11-01T02:33:08+00:00
dVxGZGPvyPo,2019-11-01T02:33:15+00:00
PSyo1zd9jcw,2019-11-20T18:11:37+00:00
ODWJZEtBlu0,2019-11-20T18:11:57+00:00
ybbiMCry4qg,2019-11-20T18:14:04+00:00
j-LfQCPJJkY,2019-12-29T09:03:11+00:00
StPmXrtU6eI,2020-03-30T06:51:09+00:00
oduoQVYTOfE,2020-05-07T20:09:09+00:00
Jpns22un8tA,2020-05-14T20:20:45+00:00
zdrRvFjoH_A,2020-05-29T10:04:21+00:00
jmBP8UX5hd8,2020-05-30T07:10:17+00:00
DD7sc5plr0I,2020-05-30T09:33:17+00:00
oqDSrMK_Gyg,2020-05-30T22:23:52+00:00
drpjvqxy6CY,2020-06-03T03:32:29+00:00
yQXKKP_jH1w,2020-06-04T07:43:07+00:00
rGRcnKocFnI,2020-06-11T03:24:43+00:00
mGhr0RPra3k,2020-06-11T04:03:35+00:00
M2nu2vXbV9w,2020-06-12T16:54:10+00:00
vPCN3pDuBaA,2020-06-17T13:20:04+00:00
FVB9xA7aIMA,2020-06-17T13:21:12+00:00
xbUXBLnfdJA,2020-06-19T05:41:20+00:00
ZLmyvL6dI34,2020-06-19T05:52:04+00:00
BhOwHb9zQ2I,2020-06-21T07:51:53+00:00
108IBqFddM8,2020-07-06T06:10:33+00:00
AbTPp-iGRuI,2020-07-07T14:12:51+00:00
3N2z5O2xYKw,2020-07-13T11:41:13+00:00
 -H1IUiZkt1g,2020-07-18T04:56:36+00:00
BXlnrFpCu0c,2020-07-22T19:28:05+00:00
2CBCqwn2w64,2020-07-23T05:21:24+00:00
1oGjPh8uCjU,2020-07-26T23:07:07+00:00
hIbwfotlTn4,2020-07-27T15:54:27+00:00
Cey3UzuxVz4,2020-07-29T11:23:48+00:00
BR4yQFZK9YM,2020-07-30T21:11:38+00:00
2pLT-olgUJs,2020-08-05T05:43:01+00:00
Q7d-0cGvNVM,2020-08-05T16:14:22+00:00
HO_rrobMKfY,2020-08-05T16:14:29+00:00
VN55D8XTHAQ,2020-08-10T14:25:30+00:00
pIwaw2QhBbM,2020-08-18T13:47:48+00:00
rf62FaTGBdA,2020-08-19T22:07:43+00:00
fqt-ZQQUK-g,2020-08-21T18:01:53+00:00
Md0hn6gAgAo,2020-08-26T21:11:55+00:00
2fU8gpGm4GY,2020-08-26T21:14:06+00:00
qzYJaDQEi5Q,2020-08-26T21:17:13+00:00
XXUPfiOnIVA,2020-08-27T16:50:12+00:00
55VWgX9QSrw,2020-08-31T18:20:41+00:00
e-Ul_gLkxS0,2020-09-02T01:08:04+00:00
5oJceWKSq6M,2020-10-06T04:48:32+00:00
3ztse2fX5XI,2020-10-13T09:07:38+00:00
ZT_klzUkQdc,2020-10-19T22:54:45+00:00
kI9xGcd8l4k,2020-10-24T04:42:35+00:00
0Rpb3C4XsPo,2020-10-24T04:43:18+00:00
tf51TyjcmNM,2020-10-25T04:34:37+00:00
2zO_zlXrM-o,2021-01-14T05:50:00+00:00
LkeXYqbU2cE,2021-01-30T08:03:57+00:00
4c7ErrZGijg,2021-01-30T08:04:02+00:00
00RUXAbuXG8,2021-01-30T08:04:26+00:00
FnyteyWQiNs,2021-02-01T07:57:09+00:00
9zbUPxUH8PY,2021-02-01T07:58:00+00:00
djtKhCmncBU,2021-03-15T16:56:35+00:00
Uxh04d4fB_o,2021-03-19T01:57:02+00:00
fAt0uDgjnDM,2021-03-30T07:35:43+00:00
9yaxlQNG-jg,2021-03-30T08:13:45+00:00
Gg4hKqNrdWA,2021-03-31T00:04:32+00:00
WN6Sb4SrK4c,2021-04-03T14:17:56+00:00
JrJg4LP5E0E,2021-04-06T00:41:20+00:00
tpdzYJN86C0,2021-08-05T01:29:10+00:00
Xae4x-lV5F0,2022-01-28T02:44:36+00:00





