ID del canal,URL del canal,Título del canal
UC-AqLLFKh8QoCsXaPAg4aRQ,http://www.youtube.com/channel/UC-AqLLFKh8QoCsXaPAg4aRQ,Inked
UC-FQUIVQ-bZiefzBiQAa8Fw,http://www.youtube.com/channel/UC-FQUIVQ-bZiefzBiQAa8Fw,BBC Radio 1
UC-NdtGk07frHfup0lTkcC6w,http://www.youtube.com/channel/UC-NdtGk07frHfup0lTkcC6w,Susan Veggie
UC-zc27zh_-_x0UI7wiqAg7w,http://www.youtube.com/channel/UC-zc27zh_-_x0UI7wiqAg7w,Initial Talk
UC0Cc-m348L1pyb1rlsCKf8Q,http://www.youtube.com/channel/UC0Cc-m348L1pyb1rlsCKf8Q,Evelina Forsell
UC0IdiFBtfUmd-D-rTPMPVgQ,http://www.youtube.com/channel/UC0IdiFBtfUmd-D-rTPMPVgQ,Viole Parisi
UC0vt8kHpp0gSmyV2a29hs1Q,http://www.youtube.com/channel/UC0vt8kHpp0gSmyV2a29hs1Q,Andrés Calamaro
UC0xoZeQjwVfEZTeg1WE8YLQ,http://www.youtube.com/channel/UC0xoZeQjwVfEZTeg1WE8YLQ,eldeseopc
UC1HlihY-iNtOemAlYQq3GXQ,http://www.youtube.com/channel/UC1HlihY-iNtOemAlYQq3GXQ,The Ukulele Teacher
UC1IjtaT9VOGfMnUZOdGmECA,http://www.youtube.com/channel/UC1IjtaT9VOGfMnUZOdGmECA,Julieta L
UC1N0rxmM1cSvtBtBWenhOng,http://www.youtube.com/channel/UC1N0rxmM1cSvtBtBWenhOng,Bea Jonite
UC1zLDoKL-eKmd_K7qkUZ-ow,http://www.youtube.com/channel/UC1zLDoKL-eKmd_K7qkUZ-ow,Canal Encuentro
UC28FD2v19VZFryIjpvGIFLw,http://www.youtube.com/channel/UC28FD2v19VZFryIjpvGIFLw,Mixed Makeup
UC2Qw1dzXDBAZPwS7zm37g8g,http://www.youtube.com/channel/UC2Qw1dzXDBAZPwS7zm37g8g,COLORS
UC2XClqyKxuGdskiLmLC-19w,http://www.youtube.com/channel/UC2XClqyKxuGdskiLmLC-19w,VeggiesAlPoder
UC2_a05o1pW4fr9SzlyMv8OA,http://www.youtube.com/channel/UC2_a05o1pW4fr9SzlyMv8OA,SunlightinMidnight
UC33zOh8AwVFcOqlXdwjOs6w,http://www.youtube.com/channel/UC33zOh8AwVFcOqlXdwjOs6w,Peter Capusotto y sus Videos
UC3S3iHn46uaF2NAwQY80orw,http://www.youtube.com/channel/UC3S3iHn46uaF2NAwQY80orw,Camionera Travesti (YUNI)
UC3bZVaZM51uV8mMWHW6p8ZA,http://www.youtube.com/channel/UC3bZVaZM51uV8mMWHW6p8ZA,Natalia Maldini
UC3cs9UJtR6GXwoGcMHhSFYA,http://www.youtube.com/channel/UC3cs9UJtR6GXwoGcMHhSFYA,HD Retro Trailers
UC4DnTF4CNPG1xx8CWMRQoBA,http://www.youtube.com/channel/UC4DnTF4CNPG1xx8CWMRQoBA,Vale Martinetti
UC4HiwSfISglvt0QEulkBYPA,http://www.youtube.com/channel/UC4HiwSfISglvt0QEulkBYPA,The Last Shadow Puppets
UC4Q3WXBJwa24ZLQa3v76KLA,http://www.youtube.com/channel/UC4Q3WXBJwa24ZLQa3v76KLA,Blancanieves del päraway
UC4WtxZGX1qqHx5JnSy1SKCw,http://www.youtube.com/channel/UC4WtxZGX1qqHx5JnSy1SKCw,DILLOM
UC4XPcrctDV7SnX3qjCw1pfQ,http://www.youtube.com/channel/UC4XPcrctDV7SnX3qjCw1pfQ,SuperMusicazz
UC4tzwnvIMePZ9QN-NqdHpoQ,http://www.youtube.com/channel/UC4tzwnvIMePZ9QN-NqdHpoQ,erikainblue
UC56Olvxf2FznHWOHIcfxq_g,http://www.youtube.com/channel/UC56Olvxf2FznHWOHIcfxq_g,Jenny Bourn
UC57ndiryHAq_45rs9lkro-g,http://www.youtube.com/channel/UC57ndiryHAq_45rs9lkro-g,Cuando las Mujeres Comen
UC5Ji2AevO0mfJP6wzNFmNrw,http://www.youtube.com/channel/UC5Ji2AevO0mfJP6wzNFmNrw,Mish
UC5KNxwnMYA5Y2XIMnV0fZ_g,http://www.youtube.com/channel/UC5KNxwnMYA5Y2XIMnV0fZ_g,Oeste Analogico
UC5t2Ns8OAS12ig8pAZk9_PA,http://www.youtube.com/channel/UC5t2Ns8OAS12ig8pAZk9_PA,INTERNET GIRL
UC64X3ogSw64S3Ja4ASqJP4Q,http://www.youtube.com/channel/UC64X3ogSw64S3Ja4ASqJP4Q,ch ruscica
UC6EmI2r6XBGXBS70XFnyMhw,http://www.youtube.com/channel/UC6EmI2r6XBGXBS70XFnyMhw,IAMKARENO
UC6Hmr8XP-SYmbd9gUujuoSQ,http://www.youtube.com/channel/UC6Hmr8XP-SYmbd9gUujuoSQ,Lolastristes
UC6K2SrqBOFQ1tiIad5StABQ,http://www.youtube.com/channel/UC6K2SrqBOFQ1tiIad5StABQ,BIDINOST
UC6a8lp6vaCMhUVXPyynhjUA,http://www.youtube.com/channel/UC6a8lp6vaCMhUVXPyynhjUA,Ruby Granger
UC6bzjiSPsownm-HdVTOs16A,http://www.youtube.com/channel/UC6bzjiSPsownm-HdVTOs16A,Sisters Guide To Jannah
UC6gLlIAnzg7eJ8VuXDCZ_vg,http://www.youtube.com/channel/UC6gLlIAnzg7eJ8VuXDCZ_vg,Gentle Whispering ASMR
UC6iRiXWScChTr6uNLXjJYFQ,http://www.youtube.com/channel/UC6iRiXWScChTr6uNLXjJYFQ,FisioOnline
UC6jgzx2g3nlbaYkd8EMweKA,http://www.youtube.com/channel/UC6jgzx2g3nlbaYkd8EMweKA,Jaclyn Hill
UC6qq5ZRn_epjgdKwtgmegFA,http://www.youtube.com/channel/UC6qq5ZRn_epjgdKwtgmegFA,Joey Kidney
UC6r3CG3J2zEtJt0XabdOwug,http://www.youtube.com/channel/UC6r3CG3J2zEtJt0XabdOwug,El mató a un policía motorizado
UC78cxCAcp7JfQPgKxYdyGrg,http://www.youtube.com/channel/UC78cxCAcp7JfQPgKxYdyGrg,emma chamberlain
UC79Pfi2FCgEHjLqBbGDnKwA,http://www.youtube.com/channel/UC79Pfi2FCgEHjLqBbGDnKwA,Monami Frost
UC7E33cGKw1oySfQWO1zB8WA,http://www.youtube.com/channel/UC7E33cGKw1oySfQWO1zB8WA,Clara Agostina
UC7Ic_hZyJpcSClFT0RSYd0Q,http://www.youtube.com/channel/UC7Ic_hZyJpcSClFT0RSYd0Q,LeanRiccio
UC7LesmfW8QPP7mDYYLwW4Aw,http://www.youtube.com/channel/UC7LesmfW8QPP7mDYYLwW4Aw,Rockabye Baby!
UC7PY0etqxH1bbyon_9pzp_g,http://www.youtube.com/channel/UC7PY0etqxH1bbyon_9pzp_g,Pretty Pastel Please
UC7WxdIamaUWkIKxnkh3J30A,http://www.youtube.com/channel/UC7WxdIamaUWkIKxnkh3J30A,Darla Rave
UC8GntCqpzZ3pGZh_mUnfqLg,http://www.youtube.com/channel/UC8GntCqpzZ3pGZh_mUnfqLg,Alli Vera
UC8Mg_T31rGmEZO9HpbvJsvA,http://www.youtube.com/channel/UC8Mg_T31rGmEZO9HpbvJsvA,Lou Foulkes
UC8N0JTmTxJdSMBH1V_ERRvw,http://www.youtube.com/channel/UC8N0JTmTxJdSMBH1V_ERRvw,ArteZeballos
UC8Sl0zo1bK7kdPD7a5Edm6Q,http://www.youtube.com/channel/UC8Sl0zo1bK7kdPD7a5Edm6Q,Lucy Garland
UC93zOXfXFtJOgfPBsFGOCfQ,http://www.youtube.com/channel/UC93zOXfXFtJOgfPBsFGOCfQ,Twinelle
UC9B66T1P2yUucpNRzrj0zXg,http://www.youtube.com/channel/UC9B66T1P2yUucpNRzrj0zXg,Cha Cha Cha En Vivo
UC9HGzFGt7BLmWDqooUbWGBg,http://www.youtube.com/channel/UC9HGzFGt7BLmWDqooUbWGBg,Matthew Hussey
UC9ths7ZO0InEWmdYMBY0Y1g,http://www.youtube.com/channel/UC9ths7ZO0InEWmdYMBY0Y1g,Soy una pringada
UC9vs8KujZ2kJ2hbg01fNRVw,http://www.youtube.com/channel/UC9vs8KujZ2kJ2hbg01fNRVw,Filo News
UC9xrZhTgKwrFl4x-gLPG1kQ,http://www.youtube.com/channel/UC9xrZhTgKwrFl4x-gLPG1kQ,NO ES DE VEGANA
UCAMWWQQNQeD73DtiddfBrpg,http://www.youtube.com/channel/UCAMWWQQNQeD73DtiddfBrpg,alt-J
UCAP57cF-FSjJKzzXg7ntPlQ,http://www.youtube.com/channel/UCAP57cF-FSjJKzzXg7ntPlQ,CRITERION
UCAXvT4DXenJlobXbK_bPV0g,http://www.youtube.com/channel/UCAXvT4DXenJlobXbK_bPV0g,Sarah Dunk
UCAlPVV4C--XRCce3BQgvEcw,http://www.youtube.com/channel/UCAlPVV4C--XRCce3BQgvEcw,karlasnotes
UCAxlE0gqN9-dz1NB8xEoJjw,http://www.youtube.com/channel/UCAxlE0gqN9-dz1NB8xEoJjw,Gabriel Shane Dunn
UCB3W9gT-mFMN1j12pydSNOw,http://www.youtube.com/channel/UCB3W9gT-mFMN1j12pydSNOw,TRONICBOX
UCBAU_AN9pmoZRjd5HhIPtkQ,http://www.youtube.com/channel/UCBAU_AN9pmoZRjd5HhIPtkQ,BOOMBOOMKID OFICIAL
UCBNo6li-Y8o7tQ2133mx8Rw,http://www.youtube.com/channel/UCBNo6li-Y8o7tQ2133mx8Rw,Natalia Bliss 
UCBNs31xysxpAGMheg8OrngA,http://www.youtube.com/channel/UCBNs31xysxpAGMheg8OrngA,Yuya
UCBQZwaNPFfJ1gZ1fLZpAEGw,http://www.youtube.com/channel/UCBQZwaNPFfJ1gZ1fLZpAEGw,twenty one pilots
UCBx11YmgGLztpv4T0mXorAA,http://www.youtube.com/channel/UCBx11YmgGLztpv4T0mXorAA,Midiariovegan
UCCHcEUksSVKsRDH86j77Ntg,http://www.youtube.com/channel/UCCHcEUksSVKsRDH86j77Ntg,thelonelyisland
UCCMTwl1q0X4jbzlg_cFqv3Q,http://www.youtube.com/channel/UCCMTwl1q0X4jbzlg_cFqv3Q,Spinetta Club
UCC_zzpt3LNJ_MbGqKxe9VxQ,http://www.youtube.com/channel/UCC_zzpt3LNJ_MbGqKxe9VxQ,Twinkle Twinkle Little Rock Star
UCCbEza4IWWuqxAPxZEyhw0g,http://www.youtube.com/channel/UCCbEza4IWWuqxAPxZEyhw0g,Quijote - Archivo publicitario argentino
UCCbGv3vsmAbnFR4Z97kFAZA,http://www.youtube.com/channel/UCCbGv3vsmAbnFR4Z97kFAZA,Las Ligas Menores
UCCvcd0FYi58LwyTQP9LITpA,http://www.youtube.com/channel/UCCvcd0FYi58LwyTQP9LITpA,Soft White Underbelly
UCD7HCYNybAKMTccUXstXTvQ,http://www.youtube.com/channel/UCD7HCYNybAKMTccUXstXTvQ,DANI DMC
UCDDCFac6G0mKzgXQ3sUuf_A,http://www.youtube.com/channel/UCDDCFac6G0mKzgXQ3sUuf_A,Soleil Mak
UCDGb-rn5fcCvB8tHLkurx1A,http://www.youtube.com/channel/UCDGb-rn5fcCvB8tHLkurx1A,Trucos Naturales
UCDHQbU57NZilrhbuZNbQcRA,http://www.youtube.com/channel/UCDHQbU57NZilrhbuZNbQcRA,PatrickStarrr
UCDYFfJjD8pu-nn4QAzXUycg,http://www.youtube.com/channel/UCDYFfJjD8pu-nn4QAzXUycg,Grace Dinma
UCDtB0Cxx6cs31TFLhiMJmbQ,http://www.youtube.com/channel/UCDtB0Cxx6cs31TFLhiMJmbQ,WANDA JAEL
UCECJDeK0MNapZbpaOzxrUPA,http://www.youtube.com/channel/UCECJDeK0MNapZbpaOzxrUPA,Luisito Comunica
UCESz9AtjvdiahLpq69GU3YQ,http://www.youtube.com/channel/UCESz9AtjvdiahLpq69GU3YQ,TAMAYO
UCFAYnPgtNQr2igwyhqMADhQ,http://www.youtube.com/channel/UCFAYnPgtNQr2igwyhqMADhQ,Junior Healy
UCFghPtzFcmyDiID1ASMA4Dg,http://www.youtube.com/channel/UCFghPtzFcmyDiID1ASMA4Dg,Lisa Eldridge
UCGNPyrcUGdphh-G1MCjP44g,http://www.youtube.com/channel/UCGNPyrcUGdphh-G1MCjP44g,ThreadsObsessed
UCGQA67jc_yHjOfmG-lvVERw,http://www.youtube.com/channel/UCGQA67jc_yHjOfmG-lvVERw,Penny JayG
UCGdOrNc1V14FBSpm8Mdb0ag,http://www.youtube.com/channel/UCGdOrNc1V14FBSpm8Mdb0ag,Vincha de la Luisa OFICIAL
UCGt7sREYlhAVbvxJaeg_aGA,http://www.youtube.com/channel/UCGt7sREYlhAVbvxJaeg_aGA,Violet Chachki
UCGwPbAQdGA3_88WBuGtg9tw,http://www.youtube.com/channel/UCGwPbAQdGA3_88WBuGtg9tw,grav3yardgirl
UCIE150Oqq88gH3ysKa6dHfg,http://www.youtube.com/channel/UCIE150Oqq88gH3ysKa6dHfg,Emily Rose
UCIRoo9Lsz1DOXRIvEo-UARQ,http://www.youtube.com/channel/UCIRoo9Lsz1DOXRIvEo-UARQ,ComeCurious
UCIV34FGn8g6N-lQmyYwz42A,http://www.youtube.com/channel/UCIV34FGn8g6N-lQmyYwz42A,Georgia Rankin
UCIZx19fJAkYpEXUXtC70q-Q,http://www.youtube.com/channel/UCIZx19fJAkYpEXUXtC70q-Q,radarenoperacion
UCJ6A5eGmHihvsOtzJwOa4cA,http://www.youtube.com/channel/UCJ6A5eGmHihvsOtzJwOa4cA,Karms
UCJI86v9et-IZd1KJSfahN8g,http://www.youtube.com/channel/UCJI86v9et-IZd1KJSfahN8g,Rachel Maksy
UCJKjyIEQj00xOtw6DN0iYsQ,http://www.youtube.com/channel/UCJKjyIEQj00xOtw6DN0iYsQ,whisperpixie
UCJkMlOu7faDgqh4PfzbpLdg,http://www.youtube.com/channel/UCJkMlOu7faDgqh4PfzbpLdg,Nerdwriter1
UCJpQv3YJ2u2GTfwZXjuJLEQ,http://www.youtube.com/channel/UCJpQv3YJ2u2GTfwZXjuJLEQ,EL ÚLTIMO VECINO
UCJpz2G2T1YH3_QFLuP0As7Q,http://www.youtube.com/channel/UCJpz2G2T1YH3_QFLuP0As7Q,Kayla White
UCK5IY8mvruzQscMzja3UObw,http://www.youtube.com/channel/UCK5IY8mvruzQscMzja3UObw,LA YESERA
UCKIoJpqjC93kUM2OlxBrKUw,http://www.youtube.com/channel/UCKIoJpqjC93kUM2OlxBrKUw,Bao Vang
UCKoafhJ9dkAWaEvlXCiBBwA,http://www.youtube.com/channel/UCKoafhJ9dkAWaEvlXCiBBwA,BBCRadio1VEVO
UCL9gDixv-X4RYsE0qfuVjxA,http://www.youtube.com/channel/UCL9gDixv-X4RYsE0qfuVjxA,Vessel Of Blood
UCLFW3EKD2My9swWH4eTLaYw,http://www.youtube.com/channel/UCLFW3EKD2My9swWH4eTLaYw,Chloe Morello
UCLFgfGQE_PeMgs0tjacVc-w,http://www.youtube.com/channel/UCLFgfGQE_PeMgs0tjacVc-w,PopgoldTV
UCLGex0XDdgDzoAupKDUWbgw,http://www.youtube.com/channel/UCLGex0XDdgDzoAupKDUWbgw,Mimi XXL
UCLlX8WxvNq_IWv9tZlYIRQg,http://www.youtube.com/channel/UCLlX8WxvNq_IWv9tZlYIRQg,Cinerds
UCLrjdcRkbmHDQ26IBBguR1Q,http://www.youtube.com/channel/UCLrjdcRkbmHDQ26IBBguR1Q,Jaume Soler Movies
UCLxGInki6Iz8XCbiKPEBYbg,http://www.youtube.com/channel/UCLxGInki6Iz8XCbiKPEBYbg,Onlinemami_
UCLy9QLv0obCtnYIR0bKJ37A,http://www.youtube.com/channel/UCLy9QLv0obCtnYIR0bKJ37A,Malena Pichot
UCM8cPaY44A_UOHBeoj35f9A,http://www.youtube.com/channel/UCM8cPaY44A_UOHBeoj35f9A,Metamorcine
UCMb5w9fn4Ah2Y05j5hGDM1A,http://www.youtube.com/channel/UCMb5w9fn4Ah2Y05j5hGDM1A,PILO
UCMx93G040pL5mevCLnGxlkw,http://www.youtube.com/channel/UCMx93G040pL5mevCLnGxlkw,Lu Miranda
UCNHPFqu5Z38ABgLftGBI2fw,http://www.youtube.com/channel/UCNHPFqu5Z38ABgLftGBI2fw,Nadie Es Cool
UCO2Limntj_rPuxT46kz36YA,http://www.youtube.com/channel/UCO2Limntj_rPuxT46kz36YA,coolirpa
UCOKKRcJey93Ms-dL630UNIQ,http://www.youtube.com/channel/UCOKKRcJey93Ms-dL630UNIQ,The Aspie World
UCOZyjrZSrTJJHU05DlF71Jw,http://www.youtube.com/channel/UCOZyjrZSrTJJHU05DlF71Jw,C. Tangana
UCOmuQNwwP2eJwmoXVRe06Jg,http://www.youtube.com/channel/UCOmuQNwwP2eJwmoXVRe06Jg,Lukas
UCOpcACMWblDls9Z6GERVi1A,http://www.youtube.com/channel/UCOpcACMWblDls9Z6GERVi1A,Screen Junkies
UCOt2akfCM34658Hh7TETGVQ,http://www.youtube.com/channel/UCOt2akfCM34658Hh7TETGVQ,EL ASMR
UCP6T93Fe7qKYlvb_5Cs8Z4g,http://www.youtube.com/channel/UCP6T93Fe7qKYlvb_5Cs8Z4g,Sky Cinema
UCPJHQ5_DLtxZ1gzBvZE99_g,http://www.youtube.com/channel/UCPJHQ5_DLtxZ1gzBvZE99_g,Smosh Alike
UCQOE5f8rjiM5qr6cBrDqf4w,http://www.youtube.com/channel/UCQOE5f8rjiM5qr6cBrDqf4w,Kimmy Schram
UCQTuAezPu6MOpcIJ1Tz9dNA,http://www.youtube.com/channel/UCQTuAezPu6MOpcIJ1Tz9dNA,KALI UCHIS
UCR7TmF4nvC1-7beky_gVEig,http://www.youtube.com/channel/UCR7TmF4nvC1-7beky_gVEig,Toxic Tears
UCReXZ5b6-dopQIN3U6jlB2g,http://www.youtube.com/channel/UCReXZ5b6-dopQIN3U6jlB2g,Matzorama
UCRhp8F6kJlJxaAX7PZQ9t2w,http://www.youtube.com/channel/UCRhp8F6kJlJxaAX7PZQ9t2w,Recetas Vegetarian
UCRwZFTDNq5FgsIyLs_V-fEg,http://www.youtube.com/channel/UCRwZFTDNq5FgsIyLs_V-fEg,Carolina Durante
UCS5sVWHKnSJ9FrGObvT6tYA,http://www.youtube.com/channel/UCS5sVWHKnSJ9FrGObvT6tYA,Anxiety in Order
UCS8UrfdJJKqtbkAiZ4yGDcg,http://www.youtube.com/channel/UCS8UrfdJJKqtbkAiZ4yGDcg,astrokit
UCSAnm2dgPNdyNkmKHoGkHng,http://www.youtube.com/channel/UCSAnm2dgPNdyNkmKHoGkHng,zzofih
UCSJWlswfVUgyVliZaEFoaBw,http://www.youtube.com/channel/UCSJWlswfVUgyVliZaEFoaBw,TheSorryGirls
UCSzsp92uUXPDUheHrbfQf5w,http://www.youtube.com/channel/UCSzsp92uUXPDUheHrbfQf5w,Ruïnosa y las Strippers de Rahola
UCTTz3g9ms6-qfu0d1vXUC5g,http://www.youtube.com/channel/UCTTz3g9ms6-qfu0d1vXUC5g,Dante Spinetta
UCTgaiv8YdmmNqI8STrpWc7w,http://www.youtube.com/channel/UCTgaiv8YdmmNqI8STrpWc7w,NegativeFeedback
UCUHGQ-hEUpFNok3pgJXAgBQ,http://www.youtube.com/channel/UCUHGQ-hEUpFNok3pgJXAgBQ,Foraging Gardener
UCUSqGYwm-Em_vtK8UVqL0lg,http://www.youtube.com/channel/UCUSqGYwm-Em_vtK8UVqL0lg,Con Luzkita
UCUVIVLQ_JFSvoHAOgy1-xDw,http://www.youtube.com/channel/UCUVIVLQ_JFSvoHAOgy1-xDw,sra Bimbo
UCUYw4_bGYKm-JOuU4pWIRlA,http://www.youtube.com/channel/UCUYw4_bGYKm-JOuU4pWIRlA,Bonita Magazzine
UCUtRpwfWKZfXVqxgHvIYmZA,http://www.youtube.com/channel/UCUtRpwfWKZfXVqxgHvIYmZA,Juan Ingaramo
UCUy2gV6MRLlPdgmYxZDa3cQ,http://www.youtube.com/channel/UCUy2gV6MRLlPdgmYxZDa3cQ,Lessie
UCVPpwGeA4np6EFi4HouLfzA,http://www.youtube.com/channel/UCVPpwGeA4np6EFi4HouLfzA,CumbiaTube
UCV_64Emay6e8d-pHYGQaWbA,http://www.youtube.com/channel/UCV_64Emay6e8d-pHYGQaWbA,Paulettee
UCVjsbqKtxkLt7bal4NWRjJQ,http://www.youtube.com/channel/UCVjsbqKtxkLt7bal4NWRjJQ,The Take
UCWLY9PpOMnI3Q66zwZdyzyA,http://www.youtube.com/channel/UCWLY9PpOMnI3Q66zwZdyzyA,The Vaccines
UCWTFGPpNQ0Ms6afXhaWDiRw,http://www.youtube.com/channel/UCWTFGPpNQ0Ms6afXhaWDiRw,Now You See It
UCWkYXtnAuu7VTLPwUcRSB6A,http://www.youtube.com/channel/UCWkYXtnAuu7VTLPwUcRSB6A,Kylie Jenner
UCX62KFdjkajvGN5_lZEPcWw,http://www.youtube.com/channel/UCX62KFdjkajvGN5_lZEPcWw,Jkissa
UCX6b17PVsYBQ0ip5gyeme-Q,http://www.youtube.com/channel/UCX6b17PVsYBQ0ip5gyeme-Q,CrashCourse
UCXDaJ9eCRKt4f40zmOseRUA,http://www.youtube.com/channel/UCXDaJ9eCRKt4f40zmOseRUA,Isabella Demarko Hair Care
UCXSZZsKxPRyl9yuK56XkhCA,http://www.youtube.com/channel/UCXSZZsKxPRyl9yuK56XkhCA,ahitsrosa
UCXZQA0vdUY4ZRzEZ5TFKdNA,http://www.youtube.com/channel/UCXZQA0vdUY4ZRzEZ5TFKdNA,Burger Fiction
UCXZgCJGHcNPMwU8aTIouZ7w,http://www.youtube.com/channel/UCXZgCJGHcNPMwU8aTIouZ7w,holamondo
UCXepLmTcO1wQHR0FVt_SL1A,http://www.youtube.com/channel/UCXepLmTcO1wQHR0FVt_SL1A,Martha Caballero
UCYHNm29Wu3DgcN7K2sln2Kw,http://www.youtube.com/channel/UCYHNm29Wu3DgcN7K2sln2Kw,marisin
UCY_37NEvihrX3Te637OTxOg,http://www.youtube.com/channel/UCY_37NEvihrX3Te637OTxOg,LA DIVAZA
UCZ8TREbPfawhSvayVe5pqKg,http://www.youtube.com/channel/UCZ8TREbPfawhSvayVe5pqKg,British Vogue
UCZGYJFUizSax-yElQaFDp5Q,http://www.youtube.com/channel/UCZGYJFUizSax-yElQaFDp5Q,Star Wars
UCZJXhUrqxPZ0DFRsdccl0tA,http://www.youtube.com/channel/UCZJXhUrqxPZ0DFRsdccl0tA,TELO CATALOGO
UCZKMy-ZQ_61tSydxBY0b6Og,http://www.youtube.com/channel/UCZKMy-ZQ_61tSydxBY0b6Og,Eri Baes
UCZSIYDqgVKR4hmh294LSOfg,http://www.youtube.com/channel/UCZSIYDqgVKR4hmh294LSOfg,Supercurioso
UCZ_N6L9M7ZUNsBhDyTSAsZQ,http://www.youtube.com/channel/UCZ_N6L9M7ZUNsBhDyTSAsZQ,Alanna
UC_5YyFN86_l4lcUbk3nA5Ww,http://www.youtube.com/channel/UC_5YyFN86_l4lcUbk3nA5Ww,Gabriel CHACHACHA
UC_KypRv3wfAnAd5TP6lwWKA,http://www.youtube.com/channel/UC_KypRv3wfAnAd5TP6lwWKA,PoxyClub Clips
UCaAJRiwcFC1g7j-hVXqb_qQ,http://www.youtube.com/channel/UCaAJRiwcFC1g7j-hVXqb_qQ,Gurl.com
UCaCG7kHt515g73gjM77i6Xw,http://www.youtube.com/channel/UCaCG7kHt515g73gjM77i6Xw,Quality Culture
UCaWd5_7JhbQBe4dknZhsHJg,http://www.youtube.com/channel/UCaWd5_7JhbQBe4dknZhsHJg,WatchMojo.com
UCamHOYFzHjB5Nv3ZChhk7kQ,http://www.youtube.com/channel/UCamHOYFzHjB5Nv3ZChhk7kQ,LA JOSE
UCax6e3-MsijZ6-6OGJtPOBQ,http://www.youtube.com/channel/UCax6e3-MsijZ6-6OGJtPOBQ,Valeria Basurco
UCay_OLhWtf9iklq8zg_or0g,http://www.youtube.com/channel/UCay_OLhWtf9iklq8zg_or0g,As/Is
UCb2HGwORFBo94DmRx4oLzow,http://www.youtube.com/channel/UCb2HGwORFBo94DmRx4oLzow,One Direction
UCb2fKNBRtC06yz_NsUGbYgw,http://www.youtube.com/channel/UCb2fKNBRtC06yz_NsUGbYgw,Stephanie Villa
UCbpfb0DCFzjsQ18aQQXXyIA,http://www.youtube.com/channel/UCbpfb0DCFzjsQ18aQQXXyIA,Chynaunique ASMR
UCc-N24Y5OA0gqbjBwe1ttfA,http://www.youtube.com/channel/UCc-N24Y5OA0gqbjBwe1ttfA,Weird History
UCc5GGkGwwGirP8HgSy7AqYA,http://www.youtube.com/channel/UCc5GGkGwwGirP8HgSy7AqYA,Angie Green Tarot 
UCcyq283he07B7_KUX07mmtA,http://www.youtube.com/channel/UCcyq283he07B7_KUX07mmtA,Business Insider
UCd2KNtfphz8HvYzM4pwtHmg,http://www.youtube.com/channel/UCd2KNtfphz8HvYzM4pwtHmg,triple j
UCd4W_zVD74QqP55uAEN9REQ,http://www.youtube.com/channel/UCd4W_zVD74QqP55uAEN9REQ,Alissa Ashley
UCdWdrpR_tHH4ZAMMgKNyswQ,http://www.youtube.com/channel/UCdWdrpR_tHH4ZAMMgKNyswQ,Lua P
UCeBpF9J6qOPcGkzy7AvFXMA,http://www.youtube.com/channel/UCeBpF9J6qOPcGkzy7AvFXMA,CONSUMO ICONICO
UCeWWKe4AKpWiGKPDCoITPPQ,http://www.youtube.com/channel/UCeWWKe4AKpWiGKPDCoITPPQ,We Need to Talk About Film
UCecpiJDV3OtLpWuJPb2ovXQ,http://www.youtube.com/channel/UCecpiJDV3OtLpWuJPb2ovXQ,itslikelymakeup
UCezXJndWYi1zfla2s2VGbyw,http://www.youtube.com/channel/UCezXJndWYi1zfla2s2VGbyw,Roly
UCfE1PRxKe-5rF2Oezzw2tRA,http://www.youtube.com/channel/UCfE1PRxKe-5rF2Oezzw2tRA,Aylin Melisa
UCfLTaP7dww1M8Vr5DKzzRZA,http://www.youtube.com/channel/UCfLTaP7dww1M8Vr5DKzzRZA,Gaspi
UCfXYVSIQSueP2V9dHROc2Lg,http://www.youtube.com/channel/UCfXYVSIQSueP2V9dHROc2Lg,Roxy Poppins
UCfaAMIFHxBL0bwYJg8uxhXQ,http://www.youtube.com/channel/UCfaAMIFHxBL0bwYJg8uxhXQ,BUENOS DÍAS con Dani días
UCfc3IAlZqBdwM0mCcNZkANA,http://www.youtube.com/channel/UCfc3IAlZqBdwM0mCcNZkANA,Bel bozzolo
UCgIlmfJhLLBwTYvL4r-2hhg,http://www.youtube.com/channel/UCgIlmfJhLLBwTYvL4r-2hhg,Lie Likes Music
UCgKMMRyOlNYqh86iq4D8BYg,http://www.youtube.com/channel/UCgKMMRyOlNYqh86iq4D8BYg,Charlo Tadas
UCgOfiuubHnhVrc9IEcSk1Nw,http://www.youtube.com/channel/UCgOfiuubHnhVrc9IEcSk1Nw,MassageASMR
UCgUd51e6As0wbZGfwBM4kDg,http://www.youtube.com/channel/UCgUd51e6As0wbZGfwBM4kDg,Pauli Tb
UCgeJ2J9pBmuTyNHCwHh1WvA,http://www.youtube.com/channel/UCgeJ2J9pBmuTyNHCwHh1WvA,Palacio Libertad
UCgkSA2VEBJcCnETkLEokxuw,http://www.youtube.com/channel/UCgkSA2VEBJcCnETkLEokxuw,Bidinost - Topic
UCgn6r0aGRBnEQm02tE_jzbw,http://www.youtube.com/channel/UCgn6r0aGRBnEQm02tE_jzbw,Futurock FM
UCgyqXAXNnNzxj8f76R5iAFQ,http://www.youtube.com/channel/UCgyqXAXNnNzxj8f76R5iAFQ,Jimena Agra
UChO9L4Y81951vHNg48ijxrw,http://www.youtube.com/channel/UChO9L4Y81951vHNg48ijxrw,Danna Alquati
UChRe_6hiogR-wLiiybYi5mA,http://www.youtube.com/channel/UChRe_6hiogR-wLiiybYi5mA,dadatina
UChyWv5fy8utAWVhRPVV85XQ,http://www.youtube.com/channel/UChyWv5fy8utAWVhRPVV85XQ,Angela Clayton
UChyrYUBkDtaWw1E897ipHTg,http://www.youtube.com/channel/UChyrYUBkDtaWw1E897ipHTg,TheLineUp
UCi4_eFlo3rvZokGUXB_WoLQ,http://www.youtube.com/channel/UCi4_eFlo3rvZokGUXB_WoLQ,Tristan Paredes
UCi6vzNi-Wf8rGLCyhWnVndg,http://www.youtube.com/channel/UCi6vzNi-Wf8rGLCyhWnVndg,PIXI
UCiRSgY_kfsb55xc6gXYIIrQ,http://www.youtube.com/channel/UCiRSgY_kfsb55xc6gXYIIrQ,Karina La Princesita
UCjAjJT04hmvgRNPMoYEmliw,http://www.youtube.com/channel/UCjAjJT04hmvgRNPMoYEmliw,Snowy
UCjJbcV-cZNFe8SH1JNL3zTQ,http://www.youtube.com/channel/UCjJbcV-cZNFe8SH1JNL3zTQ,Fabiana Cantilo
UCjWMFe2S7VBz11LY9cuqK1g,http://www.youtube.com/channel/UCjWMFe2S7VBz11LY9cuqK1g,La Pelo
UCjewxGh1Gx5i5Uzxn0v-TPw,http://www.youtube.com/channel/UCjewxGh1Gx5i5Uzxn0v-TPw,The Punk Rock MBA
UCkJEpR7JmS36tajD34Gp4VA,http://www.youtube.com/channel/UCkJEpR7JmS36tajD34Gp4VA,Psych2Go
UCkJMDCigF5SHJI_n7w3STIA,http://www.youtube.com/channel/UCkJMDCigF5SHJI_n7w3STIA,belle
UCkbTTGoBpjX8ogXHCt-aegw,http://www.youtube.com/channel/UCkbTTGoBpjX8ogXHCt-aegw,Sorelle Amore
UCkvK_5omS-42Ovgah8KRKtg,http://www.youtube.com/channel/UCkvK_5omS-42Ovgah8KRKtg,jeffreestar
UCl5ZUlVYLmmnyiEcFRTFJtg,http://www.youtube.com/channel/UCl5ZUlVYLmmnyiEcFRTFJtg,Alexa Sunshine83
UClGvzVSg9CxgBbqiNjlW_OA,http://www.youtube.com/channel/UClGvzVSg9CxgBbqiNjlW_OA,Noelia Custodio
UCllbYxzLBn-b_EQY7v7DR3g,http://www.youtube.com/channel/UCllbYxzLBn-b_EQY7v7DR3g,Noelle's Favorite Things
UCltv8-WoP8nQBr0zkZvlSmw,http://www.youtube.com/channel/UCltv8-WoP8nQBr0zkZvlSmw,Fátima Villarreal Alimentación Consciente
UCmConCCQxgjZtsUj2sNnURA,http://www.youtube.com/channel/UCmConCCQxgjZtsUj2sNnURA,☆ blacLEwait ☆
UCmPGLq_t9w2n8hItBPqE1ZA,http://www.youtube.com/channel/UCmPGLq_t9w2n8hItBPqE1ZA,PabloAgustin
UCmS75G-98QihSusY7NfCZtw,http://www.youtube.com/channel/UCmS75G-98QihSusY7NfCZtw,Bizarrap
UCn4sDQNHq26DsdlhoMEQD0A,http://www.youtube.com/channel/UCn4sDQNHq26DsdlhoMEQD0A,dalsifilms
UCn51E6eKnnLklWOcdFT3w5A,http://www.youtube.com/channel/UCn51E6eKnnLklWOcdFT3w5A,Mon Laferte
UCn7LyBvG5LEBXK9I4W5dGdA,http://www.youtube.com/channel/UCn7LyBvG5LEBXK9I4W5dGdA,That Japanese Man Yuta
UCn7dB9UMTBDjKtEKBy_XISw,http://www.youtube.com/channel/UCn7dB9UMTBDjKtEKBy_XISw,Miley Cyrus
UCnQhwPVwcP-DnbUZtIMrupw,http://www.youtube.com/channel/UCnQhwPVwcP-DnbUZtIMrupw,bestdressed
UCnWbGwVH37SrDlbfDPHjVSQ,http://www.youtube.com/channel/UCnWbGwVH37SrDlbfDPHjVSQ,Doctor Andergraun
UCnaRnYSrBZ8SSmQogLuEXiA,http://www.youtube.com/channel/UCnaRnYSrBZ8SSmQogLuEXiA,Lichi y las cuestiones
UCnlTby2BI0Oz2kddSXDH66Q,http://www.youtube.com/channel/UCnlTby2BI0Oz2kddSXDH66Q,Kyra Pro
UCnpy6aaJeb29DZJ8bsCgRiQ,http://www.youtube.com/channel/UCnpy6aaJeb29DZJ8bsCgRiQ,Atraviesa lo desconocido
UCoGBPBXyq28cE4g2TaB6lRQ,http://www.youtube.com/channel/UCoGBPBXyq28cE4g2TaB6lRQ,Historias Innecesarias
UCoIVkppaJN7T9m3C3cMsFPA,http://www.youtube.com/channel/UCoIVkppaJN7T9m3C3cMsFPA,chaujosefina
UCokHw-CWO2ish-ftCin67Lg,http://www.youtube.com/channel/UCokHw-CWO2ish-ftCin67Lg,archivodichiara
UCp97H6Ys7tEWtqEb28Dvj2A,http://www.youtube.com/channel/UCp97H6Ys7tEWtqEb28Dvj2A,Dante Fiorani
UCpDmn2FfVYdPIDwRTcf5-OA,http://www.youtube.com/channel/UCpDmn2FfVYdPIDwRTcf5-OA,iilluminaughtii
UCpNbMDNc_GXApuxL4aHjSsA,http://www.youtube.com/channel/UCpNbMDNc_GXApuxL4aHjSsA,Paulina Cocina
UCpTsqkTXHK2-_f42f0XbUdw,http://www.youtube.com/channel/UCpTsqkTXHK2-_f42f0XbUdw,Elsa Ruiz Cómica
UCpi2P_y-wXa7q84C-46U6ZA,http://www.youtube.com/channel/UCpi2P_y-wXa7q84C-46U6ZA,Pixielocks
UCpko_-a4wgz2u_DgDgd9fqA,http://www.youtube.com/channel/UCpko_-a4wgz2u_DgDgd9fqA,BuzzFeedVideo
UCpsdDuWT90oVS0yo1cXFBOQ,http://www.youtube.com/channel/UCpsdDuWT90oVS0yo1cXFBOQ,Screened
UCqMFsfxrBrQIHnIKoJjqHTA,http://www.youtube.com/channel/UCqMFsfxrBrQIHnIKoJjqHTA,joosep kõivistik
UCqev2ofUoBoj-bk2ULpM3RA,http://www.youtube.com/channel/UCqev2ofUoBoj-bk2ULpM3RA,Martina Malbran
UCrBzBOMcUVV8ryyAU_c6P5g,http://www.youtube.com/channel/UCrBzBOMcUVV8ryyAU_c6P5g,Pelado Nerd
UCrfr4PnqvdJO4KrYWg10CJw,http://www.youtube.com/channel/UCrfr4PnqvdJO4KrYWg10CJw,An Knook
UCsEg7uYkSNf6RpyLu6D4f2Q,http://www.youtube.com/channel/UCsEg7uYkSNf6RpyLu6D4f2Q,MADRE DE DRAGONES - TAROT POLÍTICO
UCsT0YIqwnpJCM-mx7-gSA4Q,http://www.youtube.com/channel/UCsT0YIqwnpJCM-mx7-gSA4Q,TEDx Talks
UCsTnqDJtq9yKrV6Iz4naBxg,http://www.youtube.com/channel/UCsTnqDJtq9yKrV6Iz4naBxg,Jaime French
UCtChkQhYk5rSN8zsuCEHg0g,http://www.youtube.com/channel/UCtChkQhYk5rSN8zsuCEHg0g,Noemí Casquet
UCthT03t7QRiYUbYgKrODoSQ,http://www.youtube.com/channel/UCthT03t7QRiYUbYgKrODoSQ,Marisa Lisette
UCtkJN6t1eLLx7NqqJhpXK7A,http://www.youtube.com/channel/UCtkJN6t1eLLx7NqqJhpXK7A,Kristen Leo
UCtvu0f5wRLBRYISBw_3NDsg,http://www.youtube.com/channel/UCtvu0f5wRLBRYISBw_3NDsg,Fuera de Foco
UCuVX-DHLpf_G6F3G3KD57Jw,http://www.youtube.com/channel/UCuVX-DHLpf_G6F3G3KD57Jw,That Curly Top
UCucot-Zp428OwkyRm2I7v2Q,http://www.youtube.com/channel/UCucot-Zp428OwkyRm2I7v2Q,James Charles
UCuhVHgBfJKGB4WTr8_HlQ0g,http://www.youtube.com/channel/UCuhVHgBfJKGB4WTr8_HlQ0g,ToThe9s
UCunKpj3RZOlrp1jpETmScWg,http://www.youtube.com/channel/UCunKpj3RZOlrp1jpETmScWg,Martin Cirio
UCuyoMfEQ224CmC_oZF7tcsg,http://www.youtube.com/channel/UCuyoMfEQ224CmC_oZF7tcsg,Helen Anderson
UCvkk9KAIk4KBXzJ9wi-II7w,http://www.youtube.com/channel/UCvkk9KAIk4KBXzJ9wi-II7w,StealTheSpotlight
UCw5OQOgl1Myog_tmAMP_yCQ,http://www.youtube.com/channel/UCw5OQOgl1Myog_tmAMP_yCQ,AtraccionLab
UCw7Bz6EHxlnOoBUBlJZCWCw,http://www.youtube.com/channel/UCw7Bz6EHxlnOoBUBlJZCWCw,Te lo resumo
UCwesFNGM_F3Nii_1YbIliSg,http://www.youtube.com/channel/UCwesFNGM_F3Nii_1YbIliSg,Futbol Plus
UCwf9TcLyS5KDoLRLjke41Hg,http://www.youtube.com/channel/UCwf9TcLyS5KDoLRLjke41Hg,Molly Burke
UCwxhmnBGe-yVAqM_Jo7WvWw,http://www.youtube.com/channel/UCwxhmnBGe-yVAqM_Jo7WvWw,Estela Naïad
UCxX0WTIWuv5G5IokGxNwwZA,http://www.youtube.com/channel/UCxX0WTIWuv5G5IokGxNwwZA,Hitomi Mochizuki
UCyEKbT1qTX8G8A3bEsbv6hw,http://www.youtube.com/channel/UCyEKbT1qTX8G8A3bEsbv6hw,Diversual
UCyFZMEnm1il5Wv3a6tPscbA,http://www.youtube.com/channel/UCyFZMEnm1il5Wv3a6tPscbA,Genius
UCyIXU59CyRSAXh6f6yIjJTw,http://www.youtube.com/channel/UCyIXU59CyRSAXh6f6yIjJTw,Carly Cristman
UCy_U5d2G-BeJMwOmVKwpAkw,http://www.youtube.com/channel/UCy_U5d2G-BeJMwOmVKwpAkw,L-Gante
UCyi_yDoc7RUUZEJ-rf3D4Sw,http://www.youtube.com/channel/UCyi_yDoc7RUUZEJ-rf3D4Sw,Heaven Sent Grace
UCyrpt1rKSOBzROPHVrC81Ow,http://www.youtube.com/channel/UCyrpt1rKSOBzROPHVrC81Ow,Dragaza TV
UCysiER15Vj3gjdsNUN84uLA,http://www.youtube.com/channel/UCysiER15Vj3gjdsNUN84uLA,CA7RIEL & PACO AMOROSO
UCz0Qnv6KczUe3NH1wnpmqhA,http://www.youtube.com/channel/UCz0Qnv6KczUe3NH1wnpmqhA,Nicole Guerriero
UCz1cBxtdXJ4QeLZ4FR-f_hw,http://www.youtube.com/channel/UCz1cBxtdXJ4QeLZ4FR-f_hw,Juan Hace Cosas
UCzQDrnFwBaOnBgONHqiaf5Q,http://www.youtube.com/channel/UCzQDrnFwBaOnBgONHqiaf5Q,R y R
UCzSDoNx_-X3feYnwEP0rG_w,http://www.youtube.com/channel/UCzSDoNx_-X3feYnwEP0rG_w,Brianna Fox
UCzTKskwIc_-a0cGvCXA848Q,http://www.youtube.com/channel/UCzTKskwIc_-a0cGvCXA848Q,NikkieTutorials
UCznTrr5_Jhs8ryRHNo50fBQ,http://www.youtube.com/channel/UCznTrr5_Jhs8ryRHNo50fBQ,Roccibella





